,Expenditure,Year_2007,Year_2008,Year_2009,Year_2010,Year_2011,Year_2012,Year_2013,Year_2014,Year_2015,Year_2016
0,Total National Health Expenditures,"2,295,307","2,399,121","2,495,414","2,598,823","2,689,349","2,797,260","2,879,008","3,026,157","3,200,815","3,337,248"
1,     Out of pocket,"290,000","295,184","293,723","299,742","309,973","318,330","325,189","330,068","339,315","352,537"
2,     Health Insurance,"1,609,250","1,695,968","1,796,424","1,876,922","1,950,187","2,022,904","2,087,804","2,228,136","2,382,770","2,486,842"
3,          Private Health Insurance,"776,176","802,857","832,906","864,344","898,631","928,211","946,398","999,940","1,068,778","1,123,372"
4,          Medicare,"432,751","466,971","498,859","519,787","544,679","569,634","590,163","618,889","648,808","672,093"
5,          Medicaid (Title XIX),"325,746","344,214","374,421","397,226","406,744","422,688","445,361","496,645","544,073","565,550"
6,                          Federal  ,"185,485","203,084","247,326","266,360","247,125","243,251","256,907","305,106","343,123","358,095"
7,                          State and Local,"140,261","141,129","127,094","130,865","159,619","179,438","188,454","191,540","200,951","207,454"
8,          CHIP (Title XIX and Title XXI),"9,117","10,210","11,106","11,540","11,990","12,629","13,509","13,215","14,853","16,883"
9,                          Federal  ,"6,316","7,126","7,812","8,052","8,377","8,780","9,362","9,217","11,106","15,309"
10,                          State and Local,"2,801","3,084","3,293","3,489","3,613","3,848","4,146","3,998","3,747","1,573"
11,         Department of Defense,"32,262","34,031","36,670","38,301","39,973","39,984","39,534","41,517","41,569","41,496"
12,         Department of Veterans Affairs,"33,198","37,686","42,463","45,723","48,170","49,758","52,840","57,931","64,688","67,449"
13,     Other Third Party Payers and Programs,"191,693","188,399","192,136","203,808","205,424","225,353","234,571","238,802","243,323","258,263"
14,         Worksite Health Care,"4,543","4,540","4,569","4,702","4,894","5,163","5,357","5,689","6,153","6,742"
15,         Other Private Revenues,"89,648","85,546","91,047","99,063","98,066","114,059","118,477","120,119","122,364","133,207"
16,         Indian Health Services ,"2,569","2,721","3,087","3,469","3,520","3,657","3,577","3,721","3,745","3,937"
17,         Workers' Compensation,"41,334","40,042","36,232","37,001","38,824","41,981","44,585","46,927","47,653","50,661"
18,         General Assistance,"6,928","7,146","7,169","7,084","6,682","6,423","6,697","6,900","6,807","6,195"
19,         Maternal/Child Health,"3,763","4,147","3,947","3,913","3,674","3,422","3,549","3,809","3,990","4,174"
20,                          Federal  ,600,594,591,591,583,562,545,569,571,570
21,                          State and Local,"3,163","3,552","3,356","3,322","3,091","2,860","3,004","3,240","3,419","3,604"
22,         Vocational Rehabilitation,497,489,518,558,552,530,523,526,536,545
23,                          Federal  ,373,374,398,435,432,411,405,406,413,420
24,                          State and Local,124,115,120,122,120,119,118,120,123,125
25,         Other Federal Programs*,"6,721","6,923","7,299","7,737","9,559","11,576","12,961","12,187","12,533","12,397"
26,         SAMHSA,"3,166","3,206","3,309","3,385","3,448","3,420","3,284","3,495","3,501","3,657"
27,         Other State and Local Programs**,"28,631","29,549","30,757","32,605","31,924","30,801","31,144","30,817","31,223","31,762"
28,         School Health,"3,895","4,089","4,201","4,293","4,282","4,321","4,416","4,612","4,819","4,984"
29,     Public Health Activity,"65,969","71,564","74,167","75,612","74,294","77,443","78,301","79,439","81,709","82,187"
30,                          Federal  ,"9,696","9,880","11,995","14,185","10,729","10,846","10,333","10,838","11,263","12,134"
31,                          State and Local,"56,273","61,684","62,172","61,428","63,565","66,597","67,968","68,601","70,446","70,053"
32,     Investment,"138,395","148,006","138,964","142,739","149,471","153,230","153,143","149,712","153,698","157,418"
33,         Research,"42,576","44,278","45,372","49,212","49,658","48,448","46,639","45,888","46,451","47,670"
34,         Structures & Equipment,"95,818","103,728","93,592","93,527","99,813","104,782","106,505","103,823","107,247","109,748"
35,"Total CMS Programs (Medicaid, CHIP and Medicare)","767,613","821,394","884,386","928,553","963,412","1,004,951","1,049,032","1,128,749","1,207,734","1,254,525"
36,POPULATION,301,304,306,309,311,313,316,318,320,322
37,Health Consumption Expenditures,"2,156,912","2,251,114","2,356,450","2,456,085","2,539,878","2,644,030","2,725,865","2,876,445","3,047,118","3,179,830"
38,     Out of pocket,"290,000","295,184","293,723","299,742","309,973","318,330","325,189","330,068","339,315","352,537"
39,     Health Insurance,"1,609,250","1,695,968","1,796,424","1,876,922","1,950,187","2,022,904","2,087,804","2,228,136","2,382,770","2,486,842"
40,          Private Health Insurance,"776,176","802,857","832,906","864,344","898,631","928,211","946,398","999,940","1,068,778","1,123,372"
41,          Medicare,"432,751","466,971","498,859","519,787","544,679","569,634","590,163","618,889","648,808","672,093"
42,          Medicaid (Title XIX),"325,746","344,214","374,421","397,226","406,744","422,688","445,361","496,645","544,073","565,550"
43,                          Federal  ,"185,485","203,084","247,326","266,360","247,125","243,251","256,907","305,106","343,123","358,095"
44,                          State and Local,"140,261","141,129","127,094","130,865","159,619","179,438","188,454","191,540","200,951","207,454"
45,          CHIP (Title XIX and Title XXI),"9,117","10,210","11,106","11,540","11,990","12,629","13,509","13,215","14,853","16,883"
46,                          Federal  ,"6,316","7,126","7,812","8,052","8,377","8,780","9,362","9,217","11,106","15,309"
47,                          State and Local,"2,801","3,084","3,293","3,489","3,613","3,848","4,146","3,998","3,747","1,573"
48,         Department of Defense,"32,262","34,031","36,670","38,301","39,973","39,984","39,534","41,517","41,569","41,496"
49,         Department of Veterans Affairs,"33,198","37,686","42,463","45,723","48,170","49,758","52,840","57,931","64,688","67,449"
50,     Other Third Party Payers and Programs,"191,693","188,399","192,136","203,808","205,424","225,353","234,571","238,802","243,323","258,263"
51,         Worksite Health Care,"4,543","4,540","4,569","4,702","4,894","5,163","5,357","5,689","6,153","6,742"
52,         Other Private Revenues,"89,648","85,546","91,047","99,063","98,066","114,059","118,477","120,119","122,364","133,207"
53,         Indian Health Services ,"2,569","2,721","3,087","3,469","3,520","3,657","3,577","3,721","3,745","3,937"
54,         Workers' Compensation,"41,334","40,042","36,232","37,001","38,824","41,981","44,585","46,927","47,653","50,661"
55,         General Assistance,"6,928","7,146","7,169","7,084","6,682","6,423","6,697","6,900","6,807","6,195"
56,         Maternal/Child Health,"3,763","4,147","3,947","3,913","3,674","3,422","3,549","3,809","3,990","4,174"
57,                          Federal  ,600,594,591,591,583,562,545,569,571,570
58,                          State and Local,"3,163","3,552","3,356","3,322","3,091","2,860","3,004","3,240","3,419","3,604"
59,         Vocational Rehabilitation,497,489,518,558,552,530,523,526,536,545
60,                          Federal  ,373,374,398,435,432,411,405,406,413,420
61,                          State and Local,124,115,120,122,120,119,118,120,123,125
62,         Other Federal Programs*,"6,721","6,923","7,299","7,737","9,559","11,576","12,961","12,187","12,533","12,397"
63,         SAMHSA,"3,166","3,206","3,309","3,385","3,448","3,420","3,284","3,495","3,501","3,657"
64,         Other State and Local Programs**,"28,631","29,549","30,757","32,605","31,924","30,801","31,144","30,817","31,223","31,762"
65,         School Health,"3,895","4,089","4,201","4,293","4,282","4,321","4,416","4,612","4,819","4,984"
66,     Public Health Activity,"65,969","71,564","74,167","75,612","74,294","77,443","78,301","79,439","81,709","82,187"
67,                          Federal  ,"9,696","9,880","11,995","14,185","10,729","10,846","10,333","10,838","11,263","12,134"
68,                          State and Local,"56,273","61,684","62,172","61,428","63,565","66,597","67,968","68,601","70,446","70,053"
69,"Total CMS Programs (Medicaid, CHIP and Medicare)","767,613","821,394","884,386","928,553","963,412","1,004,951","1,049,032","1,128,749","1,207,734","1,254,525"
70,Personal Health Care,"1,918,436","2,010,660","2,114,571","2,196,023","2,273,972","2,366,946","2,436,714","2,560,211","2,715,542","2,833,991"
71,     Out of pocket,"290,000","295,184","293,723","299,742","309,973","318,330","325,189","330,068","339,315","352,537"
72,     Health Insurance,"1,451,726","1,538,416","1,636,940","1,700,975","1,767,632","1,835,839","1,892,711","2,009,156","2,151,449","2,243,869"
73,          Private Health Insurance,"671,404","700,841","734,737","755,888","787,187","815,193","830,607","874,606","943,318","993,767"
74,          Medicare,"408,710","442,014","470,318","489,070","511,926","534,947","554,864","580,968","607,127","625,279"
75,          Medicaid (Title XIX),"301,109","317,838","346,191","365,751","373,891","388,421","406,410","446,271","485,761","505,223"
76,                          Federal  ,"171,852","188,295","230,601","247,262","228,186","223,868","234,663","274,081","305,810","319,151"
77,                          State and Local,"129,257","129,543","115,590","118,490","145,704","164,553","171,747","172,190","179,951","186,072"
78,          CHIP (Title XIX and Title XXI),"7,766","8,695","9,533","9,706","10,038","10,701","11,376","10,869","12,197","13,960"
79,                          Federal  ,"5,380","6,070","6,713","6,776","7,021","7,445","7,892","7,587","9,106","12,665"
80,                          State and Local,"2,386","2,625","2,820","2,930","3,017","3,256","3,483","3,282","3,091","1,295"
81,         Department of Defense,"29,667","31,407","33,780","34,873","36,452","36,849","36,667","38,547","38,594","38,594"
82,         Department of Veterans Affairs,"33,070","37,620","42,380","45,687","48,138","49,728","52,787","57,895","64,453","67,047"
83,     Other Third Party Payers and Programs,"176,709","177,061","183,908","195,305","196,367","212,776","218,814","220,986","224,778","237,584"
84,         Worksite Health Care,"4,543","4,540","4,569","4,702","4,894","5,163","5,357","5,689","6,153","6,742"
85,         Other Private Revenues,"89,648","85,546","91,047","99,063","98,066","114,059","118,477","120,119","122,364","133,207"
86,         Indian Health Services ,"2,468","2,621","2,973","3,330","3,377","3,502","3,422","3,536","3,548","3,719"
87,         Workers' Compensation,"26,915","29,269","28,603","29,372","30,987","31,262","31,995","32,089","31,504","31,895"
88,         General Assistance,"6,928","7,146","7,169","7,084","6,682","6,423","6,697","6,900","6,807","6,195"
89,         Maternal/Child Health,"3,529","3,894","3,708","3,674","3,452","3,213","3,332","3,576","3,746","3,920"
90,                          Federal  ,597,591,588,587,580,558,541,565,567,567
91,                          State and Local,"2,932","3,303","3,120","3,087","2,872","2,655","2,791","3,011","3,179","3,353"
92,         Vocational Rehabilitation,443,436,461,495,490,470,464,467,476,484
93,                          Federal  ,332,334,354,387,384,365,359,360,366,373
94,                          State and Local,110,103,107,108,106,105,105,107,110,111
95,         Other Federal Programs*,"6,606","6,826","7,177","7,366","8,835","10,226","10,309","9,766","10,719","11,108"
96,         SAMHSA,"3,105","3,144","3,244","3,321","3,377","3,335","3,199","3,415","3,418","3,568"
97,         Other State and Local Programs**,"28,631","29,549","30,757","32,605","31,924","30,801","31,144","30,817","31,223","31,762"
98,         School Health,"3,895","4,089","4,201","4,293","4,282","4,321","4,416","4,612","4,819","4,984"
99,"Total CMS Programs (Medicaid, CHIP and Medicare)","717,585","768,547","826,042","864,528","895,855","934,070","972,650","1,038,108","1,105,084","1,144,461"
100,Total Hospital Expenditures,"691,887","725,625","779,600","822,301","851,850","902,539","937,645","978,148","1,033,435","1,082,479"
101,     Out of pocket,"22,783","23,617","25,674","27,776","29,297","31,841","33,833","32,876","31,189","32,671"
102,     Health Insurance,"599,819","636,263","681,599","713,993","740,844","780,165","808,104","849,330","907,852","951,115"
103,          Private Health Insurance,"250,498","264,835","285,602","300,586","316,687","337,793","349,472","366,617","400,174","426,671"
104,          Medicare,"193,081","205,470","214,430","220,289","226,888","238,194","246,026","252,935","259,992","267,504"
105,          Medicaid (Title XIX),"117,182","122,653","133,428","141,752","143,924","149,841","155,750","169,027","183,569","189,824"
106,                          Federal  ,"67,214","72,589","88,029","95,210","88,197","86,948","89,798","104,929","118,681","123,129"
107,                          State and Local,"49,968","50,064","45,399","46,542","55,727","62,894","65,951","64,099","64,888","66,694"
108,          CHIP (Title XIX and Title XXI),"2,634","3,136","3,214","3,169","3,318","3,415","3,481","3,398","3,751","4,466"
109,                          Federal  ,"1,800","2,152","2,223","2,182","2,289","2,355","2,400","2,352","2,774","3,932"
110,                          State and Local,834,984,991,986,"1,029","1,060","1,081","1,046",977,534
111,         Department of Defense,"13,716","14,222","15,633","16,537","16,995","16,643","16,506","16,636","15,890","16,899"
112,         Department of Veterans Affairs,"22,707","25,947","29,291","31,661","33,032","34,279","36,869","40,717","44,476","45,752"
113,     Other Third Party Payers and Programs,"69,285","65,745","72,326","80,532","81,710","90,533","95,708","95,942","94,394","98,693"
114,         Worksite Health Care, -   , -   , -   , -   , -   , -   , -   , -   , -   , -   
115,         Other Private Revenues,"36,051","30,702","36,640","42,840","43,661","52,383","56,271","57,378","55,153","58,908"
116,         Indian Health Services ,"1,290","1,363","1,568","1,767","1,792","1,871","1,834","1,893","1,894","1,975"
117,         Workers' Compensation,"11,960","13,206","13,317","14,008","14,834","15,267","15,867","16,095","16,007","16,106"
118,         General Assistance,"2,160","2,371","2,161","2,276","2,486","2,644","3,088","3,234","3,233","2,869"
119,         Maternal/Child Health,320,355,338,338,320,304,319,336,353,367
120,                          Federal  ,55,55,55,55,55,54,53,54,54,54
121,                          State and Local,265,300,283,282,265,250,266,281,298,313
122,         Vocational Rehabilitation,118,108,118,133,131,117,118,121,128,134
123,                          Federal  ,89,82,90,104,103,91,91,93,98,103
124,                          State and Local,29,25,28,29,28,26,27,28,30,31
125,         Other Federal Programs*,"1,282","1,277","1,342","1,331","1,719","2,385","2,311","1,516","1,455","1,532"
126,         SAMHSA,162,162,167,158,145,175,166,176,176,180
127,         Other State and Local Programs**,"15,942","16,202","16,675","17,680","16,622","15,386","15,735","15,194","15,994","16,621"
128,         School Health, -   , -   , -   , -   , -   , -   , -   , -   , -   , -   
129,"Total CMS Programs (Medicaid, CHIP and Medicare)","312,897","331,259","351,072","365,210","374,130","391,450","405,257","425,360","447,312","461,794"
130,Total Physician and Clinical Expenditures,"457,512","481,878","497,679","512,573","535,861","557,115","569,569","595,718","631,037","664,882"
131,     Out of pocket,"45,421","46,832","45,427","48,747","51,650","51,988","53,463","54,410","56,479","58,913"
132,     Health Insurance,"361,229","382,242","400,878","411,136","431,568","447,861","458,393","484,176","513,868","539,763"
133,          Private Health Insurance,"215,697","224,300","228,614","231,156","241,700","249,238","249,851","257,350","271,575","287,254"
134,          Medicare,"95,963","103,803","112,004","115,756","122,199","128,129","132,029","137,905","144,430","149,964"
135,          Medicaid (Title XIX),"33,525","35,913","40,164","43,259","45,185","46,974","52,016","63,375","69,680","72,564"
136,                          Federal  ,"19,793","22,155","27,753","30,146","28,632","28,626","32,390","43,825","48,847","51,114"
137,                          State and Local,"13,733","13,758","12,411","13,113","16,554","18,348","19,626","19,549","20,833","21,451"
138,          CHIP (Title XIX and Title XXI),"2,638","2,746","2,973","3,064","3,046","3,202","3,534","3,193","3,528","3,911"
139,                          Federal  ,"1,823","1,906","2,070","2,121","2,117","2,224","2,459","2,233","2,629","3,562"
140,                          State and Local,815,840,903,943,929,979,"1,076",960,899,349
141,         Department of Defense,"10,022","11,175","11,822","12,122","13,069","13,751","13,746","14,429","14,718","15,198"
142,         Department of Veterans Affairs,"3,383","4,305","5,302","5,779","6,369","6,567","7,217","7,924","9,938","10,871"
143,     Other Third Party Payers and Programs,"50,862","52,804","51,374","52,690","52,643","57,267","57,713","57,132","60,689","66,206"
144,         Worksite Health Care, -   , -   , -   , -   , -   , -   , -   , -   , -   , -   
145,         Other Private Revenues,"33,129","34,112","33,119","34,190","32,732","36,857","37,100","36,132","39,197","44,059"
146,         Indian Health Services ,709,748,838,941,958,987,959,997,"1,001","1,050"
147,         Workers' Compensation,"12,563","13,240","12,551","12,572","13,239","13,159","13,239","13,015","12,592","12,887"
148,         General Assistance,790,917,993,978,979,967,866,871,762,771
149,         Maternal/Child Health,199,216,199,195,188,176,179,188,201,209
150,                          Federal  ,68,67,65,64,64,61,59,61,63,63
151,                          State and Local,132,149,135,131,124,115,120,128,138,146
152,         Vocational Rehabilitation,242,246,256,269,267,264,259,258,258,259
153,                          Federal  ,181,188,197,210,209,205,200,199,199,200
154,                          State and Local,61,58,59,59,58,59,58,59,59,59
155,         Other Federal Programs*,"2,188","2,288","2,367","2,533","3,304","3,728","4,030","4,518","5,519","5,763"
156,         SAMHSA,983,975,990,951,912,"1,062","1,013","1,084","1,087","1,133"
157,         Other State and Local Programs**,59,61,61,62,64,65,67,69,72,75
158,         School Health, -   , -   , -   , -   , -   , -   , -   , -   , -   , -   
159,"Total CMS Programs (Medicaid, CHIP and Medicare)","132,126","142,462","155,141","162,079","170,430","178,305","187,579","204,473","217,638","226,439"
160,Total Dental Services Expenditures,"97,732","102,708","103,097","105,860","107,986","109,700","111,056","113,808","118,857","124,373"
161,     Out of pocket,"42,545","44,930","42,815","43,652","45,042","45,677","45,895","46,325","47,885","49,929"
162,     Health Insurance,"54,805","57,357","59,794","61,673","62,438","63,502","64,680","67,018","70,511","73,975"
163,          Private Health Insurance,"47,480","48,863","49,638","50,430","50,869","51,569","52,268","53,438","55,060","57,729"
164,          Medicare,164,221,296,242,294,367,478,408,458,511
165,          Medicaid (Title XIX),"5,211","6,227","7,638","8,401","8,459","8,581","8,817","9,915","11,492","12,122"
166,                          Federal  ,"2,997","3,742","5,179","5,789","5,204","4,986","5,109","6,175","7,596","8,041"
167,                          State and Local,"2,214","2,485","2,459","2,612","3,255","3,595","3,708","3,740","3,896","4,081"
168,          CHIP (Title XIX and Title XXI),661,702,764,"1,039","1,139","1,319","1,503","1,481","1,615","1,829"
169,                          Federal  ,471,502,544,726,796,921,"1,034","1,014","1,204","1,680"
170,                          State and Local,190,200,220,313,343,398,469,467,412,149
171,         Department of Defense,"1,226","1,278","1,381","1,488","1,596","1,590","1,516","1,654","1,694","1,583"
172,         Department of Veterans Affairs,62,65,77,73,80,75,99,121,191,200
173,     Other Third Party Payers and Programs,382,422,487,535,506,522,480,465,461,470
174,         Worksite Health Care, -   , -   , -   , -   , -   , -   , -   , -   , -   , -   
175,         Other Private Revenues,64,71,78,78,78,93,77,73,74,85
176,         Indian Health Services ,146,157,174,189,192,200,198,205,207,214
177,         Workers' Compensation, -   , -   , -   , -   , -   , -   , -   , -   , -   , -   
178,         General Assistance,134,154,198,231,195,178,155,153,147,136
179,         Maternal/Child Health,38,41,37,36,34,31,32,32,33,34
180,                          Federal  ,12,12,11,11,11,10,10,10,9,9
181,                          State and Local,26,29,26,25,24,21,22,23,24,25
182,         Vocational Rehabilitation, -   , -   , -   , -   , -   , -   , -   , -   , -   , -   
183,                          Federal  , -   , -   , -   , -   , -   , -   , -   , -   , -   , -   
184,                          State and Local, -   , -   , -   , -   , -   , -   , -   , -   , -   , -   
185,         Other Federal Programs*, -   , -   , -   , -   ,8,20,19,2, -   , -   
186,         SAMHSA, -   , -   , -   , -   , -   , -   , -   , -   , -   , -   
187,         Other State and Local Programs**, -   , -   , -   , -   , -   , -   , -   , -   , -   , -   
188,         School Health, -   , -   , -   , -   , -   , -   , -   , -   , -   , -   
189,"Total CMS Programs (Medicaid, CHIP and Medicare)","6,036","7,150","8,698","9,682","9,892","10,267","10,798","11,804","13,565","14,462"
190,Total Other Professional Services Expenditures,"60,055","64,486","67,037","69,889","72,794","76,429","78,742","82,960","87,849","91,980"
191,     Out of pocket,"16,189","17,184","17,294","17,975","18,630","19,422","19,817","20,963","21,983","22,854"
192,     Health Insurance,"37,773","40,881","43,353","45,279","47,429","49,992","52,007","54,939","58,714","61,776"
193,          Private Health Insurance,"23,140","24,384","24,541","25,414","26,553","27,884","28,184","28,824","30,146","31,576"
194,          Medicare,"10,957","12,383","13,763","14,537","15,677","16,892","18,211","19,616","21,306","22,582"
195,          Medicaid (Title XIX),"3,524","3,951","4,874","5,160","4,994","4,989","5,359","6,250","6,971","7,263"
196,                          Federal  ,"2,024","2,397","3,293","3,572","3,098","2,900","3,089","3,924","4,517","4,745"
197,                          State and Local,"1,500","1,554","1,581","1,588","1,896","2,089","2,270","2,326","2,454","2,518"
198,          CHIP (Title XIX and Title XXI),153,163,175,168,205,227,253,250,291,355
199,                          Federal  ,106,115,123,119,144,159,175,177,219,328
200,                          State and Local,47,49,52,49,61,68,78,73,72,27
201,         Department of Defense, -   , -   , -   , -   , -   , -   , -   , -   , -   , -   
202,         Department of Veterans Affairs, -   , -   , -   , -   , -   , -   , -   , -   , -   , -   
203,     Other Third Party Payers and Programs,"6,092","6,421","6,390","6,636","6,734","7,015","6,917","7,058","7,152","7,350"
204,         Worksite Health Care, -   , -   , -   , -   , -   , -   , -   , -   , -   , -   
205,         Other Private Revenues,"3,798","3,920","4,009","4,237","4,291","4,565","4,380","4,535","4,654","4,829"
206,         Indian Health Services , -   , -   , -   , -   , -   , -   , -   , -   , -   , -   
207,         Workers' Compensation,"1,271","1,407","1,341","1,381","1,455","1,466","1,491","1,486","1,426","1,418"
208,         General Assistance,109,67,77,65,43,39,71,87,85,72
209,         Maternal/Child Health,907,"1,019",955,943,900,850,881,931,978,"1,021"
210,                          Federal  ,201,203,200,199,199,193,188,194,195,195
211,                          State and Local,706,816,755,743,701,656,693,736,783,826
212,         Vocational Rehabilitation, -   , -   , -   , -   , -   , -   , -   , -   , -   , -   
213,                          Federal  , -   , -   , -   , -   , -   , -   , -   , -   , -   , -   
214,                          State and Local, -   , -   , -   , -   , -   , -   , -   , -   , -   , -   
215,         Other Federal Programs*, -   , -   , -   ,1,36,88,85,11, -   , -   
216,         SAMHSA, -   , -   , -   , -   , -   , -   , -   , -   , -   , -   
217,         Other State and Local Programs**,7,8,8,8,8,9,9,9,9,10
218,         School Health, -   , -   , -   , -   , -   , -   , -   , -   , -   , -   
219,"Total CMS Programs (Medicaid, CHIP and Medicare)","14,634","16,497","18,812","19,865","20,876","22,108","23,823","26,116","28,568","30,200"
220,Total Home Health Care Expenditures,"57,475","62,339","67,705","71,595","74,613","78,085","80,502","83,957","88,816","92,364"
221,     Out of pocket,"5,640","5,811","5,773","6,019","6,888","7,212","7,403","7,767","8,008","8,052"
222,     Health Insurance,"49,347","54,135","59,677","63,326","65,369","68,333","70,556","73,775","78,366","81,712"
223,          Private Health Insurance,"5,263","5,153","5,103","5,311","5,752","6,826","7,792","8,799","9,377","9,641"
224,          Medicare,"24,264","27,052","30,280","31,721","32,149","33,371","33,675","34,347","35,824","37,376"
225,          Medicaid (Title XIX),"19,590","21,646","23,979","25,936","27,079","27,735","28,661","30,164","32,486","33,981"
226,                          Federal  ,"10,606","12,276","15,644","17,143","15,896","15,214","15,796","17,073","18,581","19,638"
227,                          State and Local,"8,984","9,370","8,335","8,793","11,182","12,520","12,864","13,091","13,904","14,343"
228,          CHIP (Title XIX and Title XXI),15,15,15,19,24,26,33,37,49,62
229,                          Federal  ,11,11,11,13,17,19,23,26,36,54
230,                          State and Local,5,5,4,5,7,8,10,11,12,9
231,         Department of Defense, -   , -   , -   , -   , -   , -   , -   , -   , -   , -   
232,         Department of Veterans Affairs,215,268,300,339,366,375,396,429,631,652
233,     Other Third Party Payers and Programs,"2,487","2,392","2,254","2,250","2,356","2,540","2,543","2,415","2,442","2,600"
234,         Worksite Health Care, -   , -   , -   , -   , -   , -   , -   , -   , -   , -   
235,         Other Private Revenues,"1,070","1,035",987,"1,003","1,036","1,133","1,229","1,234","1,264","1,360"
236,         Indian Health Services , -   , -   , -   , -   , -   , -   , -   , -   , -   , -   
237,         Workers' Compensation, -   , -   , -   , -   , -   , -   , -   , -   , -   , -   
238,         General Assistance,156,142,183,197,203,240,256,209,297,322
239,         Maternal/Child Health, -   , -   , -   , -   , -   , -   , -   , -   , -   , -   
240,                          Federal  , -   , -   , -   , -   , -   , -   , -   , -   , -   , -   
241,                          State and Local, -   , -   , -   , -   , -   , -   , -   , -   , -   , -   
242,         Vocational Rehabilitation, -   , -   , -   , -   , -   , -   , -   , -   , -   , -   
243,                          Federal  , -   , -   , -   , -   , -   , -   , -   , -   , -   , -   
244,                          State and Local, -   , -   , -   , -   , -   , -   , -   , -   , -   , -   
245,         Other Federal Programs*, -   , -   , -   ,1,25,61,59,8, -   , -   
246,         SAMHSA, -   , -   , -   , -   , -   , -   , -   , -   , -   , -   
247,         Other State and Local Programs**,"1,261","1,215","1,084","1,050","1,092","1,106",999,964,881,918
248,         School Health, -   , -   , -   , -   , -   , -   , -   , -   , -   , -   
249,"Total CMS Programs (Medicaid, CHIP and Medicare)","43,869","48,713","54,274","57,676","59,252","61,132","62,369","64,548","68,359","71,419"
250,Other Non-Durable Medical Products Expenditures,"47,752","49,472","50,328","51,246","52,825","53,733","55,672","56,995","59,590","62,201"
251,     Out of pocket,"45,212","46,754","47,532","48,235","49,695","50,458","52,955","54,712","57,313","60,151"
252,     Health Insurance,"2,540","2,718","2,796","3,011","3,128","3,273","2,715","2,284","2,277","2,050"
253,          Private Health Insurance, -   , -   , -   , -   , -   , -   , -   , -   , -   , -   
254,          Medicare,"2,540","2,718","2,796","3,011","3,128","3,273","2,715","2,284","2,277","2,050"
255,          Medicaid (Title XIX), -   , -   , -   , -   , -   , -   , -   , -   , -   , -   
256,                          Federal  , -   , -   , -   , -   , -   , -   , -   , -   , -   , -   
257,                          State and Local, -   , -   , -   , -   , -   , -   , -   , -   , -   , -   
258,          CHIP (Title XIX and Title XXI), -   , -   , -   , -   , -   , -   , -   , -   , -   , -   
259,                          Federal  , -   , -   , -   , -   , -   , -   , -   , -   , -   , -   
260,                          State and Local, -   , -   , -   , -   , -   , -   , -   , -   , -   , -   
261,         Department of Defense, -   , -   , -   , -   , -   , -   , -   , -   , -   , -   
262,         Department of Veterans Affairs, -   , -   , -   , -   , -   , -   , -   , -   , -   , -   
263,     Other Third Party Payers and Programs, -   , -   , -   , -   ,1,2,2, -   , -   , -   
264,         Worksite Health Care, -   , -   , -   , -   , -   , -   , -   , -   , -   , -   
265,         Other Private Revenues, -   , -   , -   , -   , -   , -   , -   , -   , -   , -   
266,         Indian Health Services , -   , -   , -   , -   , -   , -   , -   , -   , -   , -   
267,         Workers' Compensation, -   , -   , -   , -   , -   , -   , -   , -   , -   , -   
268,         General Assistance, -   , -   , -   , -   , -   , -   , -   , -   , -   , -   
269,         Maternal/Child Health, -   , -   , -   , -   , -   , -   , -   , -   , -   , -   
270,                          Federal  , -   , -   , -   , -   , -   , -   , -   , -   , -   , -   
271,                          State and Local, -   , -   , -   , -   , -   , -   , -   , -   , -   , -   
272,         Vocational Rehabilitation, -   , -   , -   , -   , -   , -   , -   , -   , -   , -   
273,                          Federal  , -   , -   , -   , -   , -   , -   , -   , -   , -   , -   
274,                          State and Local, -   , -   , -   , -   , -   , -   , -   , -   , -   , -   
275,         Other Federal Programs*, -   , -   , -   , -   ,1,2,2, -   , -   , -   
276,         SAMHSA, -   , -   , -   , -   , -   , -   , -   , -   , -   , -   
277,         Other State and Local Programs**, -   , -   , -   , -   , -   , -   , -   , -   , -   , -   
278,         School Health, -   , -   , -   , -   , -   , -   , -   , -   , -   , -   
279,"Total CMS Programs (Medicaid, CHIP and Medicare)","2,540","2,718","2,796","3,011","3,128","3,273","2,715","2,284","2,277","2,050"
280,Total Prescription Drug Expenditures,"235,678","241,490","252,748","253,080","258,771","259,193","265,202","297,986","324,522","328,588"
281,     Out of pocket,"52,158","49,615","49,072","45,218","45,234","45,077","43,544","44,773","45,468","45,032"
282,     Health Insurance,"179,795","188,275","200,215","204,509","210,709","211,569","219,270","251,208","277,112","281,682"
283,          Private Health Insurance,"106,907","109,750","116,189","116,057","117,014","112,916","113,605","128,122","141,490","142,617"
284,          Medicare,"45,954","50,644","54,542","58,944","63,349","67,554","74,063","84,897","92,787","95,393"
285,          Medicaid (Title XIX),"18,334","19,226","20,340","20,412","20,953","21,591","22,434","27,955","31,694","33,445"
286,                          Federal  ,"10,560","11,481","13,594","13,789","12,512","11,801","12,357","17,989","21,005","22,137"
287,                          State and Local,"7,775","7,744","6,747","6,623","8,440","9,790","10,078","9,966","10,689","11,308"
288,          CHIP (Title XIX and Title XXI),993,"1,162","1,363","1,407","1,441","1,524","1,474","1,382","1,575","1,750"
289,                          Federal  ,698,828,976,"1,004","1,032","1,065","1,027",993,"1,186","1,673"
290,                          State and Local,295,334,386,403,409,459,447,390,389,77
291,         Department of Defense,"4,704","4,732","4,944","4,726","4,792","4,864","4,899","5,828","6,292","4,913"
292,         Department of Veterans Affairs,"2,903","2,762","2,837","2,963","3,161","3,119","2,795","3,024","3,275","3,564"
293,     Other Third Party Payers and Programs,"3,724","3,601","3,461","3,353","2,828","2,547","2,388","2,006","1,942","1,873"
294,         Worksite Health Care, -   , -   , -   , -   , -   , -   , -   , -   , -   , -   
295,         Other Private Revenues, -   , -   , -   , -   , -   , -   , -   , -   , -   , -   
296,         Indian Health Services ,18,19,22,26,26,27,27,29,29,30
297,         Workers' Compensation,758,807,797,793,807,750,757,819,812,806
298,         General Assistance,"2,858","2,680","2,553","2,444","1,784","1,381","1,224","1,034","1,010",943
299,         Maternal/Child Health,85,89,84,80,76,69,70,78,84,87
300,                          Federal  ,35,34,33,32,31,29,28,31,32,32
301,                          State and Local,50,56,51,48,45,40,42,48,52,55
302,         Vocational Rehabilitation, -   , -   , -   , -   , -   , -   , -   , -   , -   , -   
303,                          Federal  , -   , -   , -   , -   , -   , -   , -   , -   , -   , -   
304,                          State and Local, -   , -   , -   , -   , -   , -   , -   , -   , -   , -   
305,         Other Federal Programs*, -   , -   , -   ,4,130,316,306,39, -   , -   
306,         SAMHSA, -   , -   , -   , -   , -   , -   , -   , -   , -   , -   
307,         Other State and Local Programs**,6,6,6,6,6,6,6,6,7,7
308,         School Health, -   , -   , -   , -   , -   , -   , -   , -   , -   , -   
309,"Total CMS Programs (Medicaid, CHIP and Medicare)","65,281","71,032","76,245","80,763","85,743","90,669","97,971","114,234","126,056","130,588"
310,Total Durable Medical Equipment Expenditures,"37,073","37,678","37,813","39,925","42,259","43,679","45,062","46,678","48,573","50,952"
311,     Out of pocket,"18,938","18,198","18,055","19,517","21,276","21,983","22,951","22,878","23,234","24,848"
312,     Health Insurance,"17,578","18,674","18,957","19,578","20,120","20,858","21,251","22,935","24,483","25,236"
313,          Private Health Insurance,"6,460","6,496","6,814","7,069","7,388","7,313","7,611","8,488","9,074","9,932"
314,          Medicare,"7,017","7,892","7,488","7,506","7,531","8,080","7,790","7,778","7,961","7,476"
315,          Medicaid (Title XIX),"4,015","4,202","4,579","4,916","5,097","5,345","5,717","6,545","7,312","7,653"
316,                          Federal  ,"2,353","2,537","3,111","3,462","3,247","3,221","3,452","4,225","4,850","5,114"
317,                          State and Local,"1,662","1,665","1,468","1,454","1,850","2,124","2,265","2,319","2,462","2,539"
318,          CHIP (Title XIX and Title XXI),86,85,76,88,104,119,133,124,136,174
319,                          Federal  ,62,63,56,64,76,87,96,90,107,161
320,                          State and Local,24,22,20,24,28,33,37,34,29,13
321,         Department of Defense, -   , -   , -   , -   , -   , -   , -   , -   , -   , -   
322,         Department of Veterans Affairs, -   , -   , -   , -   , -   , -   , -   , -   , -   , -   
323,     Other Third Party Payers and Programs,557,805,801,830,864,839,860,865,856,869
324,         Worksite Health Care, -   , -   , -   , -   , -   , -   , -   , -   , -   , -   
325,         Other Private Revenues, -   , -   , -   , -   , -   , -   , -   , -   , -   , -   
326,         Indian Health Services ,6,6,7,9,9,10,9,9,9,9
327,         Workers' Compensation,362,609,596,617,651,620,642,674,668,677
328,         General Assistance,40,36,42,41,30,24,24,23,21,20
329,         Maternal/Child Health,64,68,66,66,64,60,62,64,65,68
330,                          Federal  ,16,16,16,16,16,16,15,15,15,15
331,                          State and Local,48,52,50,50,48,44,46,49,50,53
332,         Vocational Rehabilitation,83,83,87,94,93,89,88,88,90,91
333,                          Federal  ,62,63,67,73,73,69,68,68,69,70
334,                          State and Local,21,19,20,20,20,20,20,20,21,21
335,         Other Federal Programs*, -   , -   , -   , -   ,14,34,33,4, -   , -   
336,         SAMHSA, -   , -   , -   , -   , -   , -   , -   , -   , -   , -   
337,         Other State and Local Programs**,3,3,3,3,3,3,3,3,3,3
338,         School Health, -   , -   , -   , -   , -   , -   , -   , -   , -   , -   
339,"Total CMS Programs (Medicaid, CHIP and Medicare)","11,118","12,179","12,143","12,510","12,732","13,544","13,640","14,447","15,409","15,303"
340,Total Nursing Care Facilities and Continuing Care Retirement Communities,"124,936","130,458","135,212","140,488","145,364","147,370","149,039","152,398","158,096","162,685"
341,     Out of pocket,"36,457","37,451","37,002","37,504","37,150","39,154","39,347","39,563","41,437","43,778"
342,     Health Insurance,"79,189","84,603","89,409","93,373","98,669","97,682","98,983","101,651","105,537","107,333"
343,          Private Health Insurance,"8,719","9,309","9,877","10,726","10,969","11,583","11,672","12,232","13,979","14,809"
344,          Medicare,"24,839","27,606","30,141","32,289","35,763","33,998","34,734","35,610","37,040","37,477"
345,          Medicaid (Title XIX),"42,341","44,039","45,483","46,307","47,622","47,700","48,076","49,069","49,521","49,991"
346,                          Federal  ,"23,898","25,852","30,314","31,397","28,975","27,280","27,485","28,106","28,452","28,778"
347,                          State and Local,"18,443","18,187","15,169","14,910","18,646","20,419","20,591","20,962","21,069","21,213"
348,          CHIP (Title XIX and Title XXI),2,5,4,5,7,8,11,9,11,14
349,                          Federal  ,1,3,3,4,5,5,7,6,8,13
350,                          State and Local,1,2,1,2,2,2,3,3,2,1
351,         Department of Defense, -   , -   , -   , -   , -   , -   , -   , -   , -   , -   
352,         Department of Veterans Affairs,"3,288","3,645","3,903","4,046","4,307","4,395","4,491","4,731","4,985","5,042"
353,     Other Third Party Payers and Programs,"9,290","8,403","8,802","9,611","9,545","10,534","10,709","11,185","11,122","11,574"
354,         Worksite Health Care, -   , -   , -   , -   , -   , -   , -   , -   , -   , -   
355,         Other Private Revenues,"6,488","5,625","5,867","6,407","6,315","7,213","7,388","7,846","7,773","8,289"
356,         Indian Health Services , -   , -   , -   , -   , -   , -   , -   , -   , -   , -   
357,         Workers' Compensation, -   , -   , -   , -   , -   , -   , -   , -   , -   , -   
358,         General Assistance,433,335,338,344,330,406,437,477,465,403
359,         Maternal/Child Health, -   , -   , -   , -   , -   , -   , -   , -   , -   , -   
360,                          Federal  , -   , -   , -   , -   , -   , -   , -   , -   , -   , -   
361,                          State and Local, -   , -   , -   , -   , -   , -   , -   , -   , -   , -   
362,         Vocational Rehabilitation, -   , -   , -   , -   , -   , -   , -   , -   , -   , -   
363,                          Federal  , -   , -   , -   , -   , -   , -   , -   , -   , -   , -   
364,                          State and Local, -   , -   , -   , -   , -   , -   , -   , -   , -   , -   
365,         Other Federal Programs*, -   , -   , -   , -   , -   , -   , -   , -   , -   , -   
366,         SAMHSA, -   , -   , -   , -   , -   , -   , -   , -   , -   , -   
367,         Other State and Local Programs**,"2,369","2,443","2,597","2,860","2,900","2,915","2,884","2,861","2,884","2,882"
368,         School Health, -   , -   , -   , -   , -   , -   , -   , -   , -   , -   
369,"Total CMS Programs (Medicaid, CHIP and Medicare)","67,182","71,650","75,628","78,601","83,392","81,706","82,821","84,688","86,572","87,482"
370,"Total Other Health, Residential, and Personal Care Expenditures","108,335","114,526","123,354","129,066","131,650","139,103","144,226","151,561","164,767","173,486"
371,     Out of pocket,"4,658","4,791","5,080","5,101","5,111","5,519","5,981","5,803","6,317","6,310"
372,     Health Insurance,"69,650","73,266","80,261","85,098","87,359","92,606","96,751","101,840","112,730","119,227"
373,          Private Health Insurance,"7,240","7,752","8,359","9,138","10,254","10,072","10,152","10,736","12,444","13,538"
374,          Medicare,"3,930","4,226","4,577","4,776","4,948","5,089","5,143","5,189","5,051","4,944"
375,          Medicaid (Title XIX),"57,386","59,981","65,706","69,609","70,579","75,665","79,581","83,971","93,037","98,379"
376,                          Federal  ,"32,407","35,265","43,684","46,754","42,425","42,892","45,187","47,834","53,281","56,455"
377,                          State and Local,"24,978","24,716","22,022","22,855","28,153","32,773","34,394","36,137","39,756","41,924"
378,          CHIP (Title XIX and Title XXI),583,680,949,749,754,861,953,996,"1,242","1,398"
379,                          Federal  ,407,490,707,544,545,611,670,697,943,"1,263"
380,                          State and Local,176,190,242,205,209,250,283,299,299,136
381,         Department of Defense, -   , -   , -   , -   , -   , -   , -   , -   , -   , -   
382,         Department of Veterans Affairs,511,627,670,826,824,919,921,948,957,968
383,     Other Third Party Payers and Programs,"34,028","36,469","38,013","38,867","39,180","40,978","41,494","43,918","45,720","47,950"
384,         Worksite Health Care,"4,543","4,540","4,569","4,702","4,894","5,163","5,357","5,689","6,153","6,742"
385,         Other Private Revenues,"9,047","10,081","10,346","10,308","9,954","11,815","12,031","12,921","14,249","15,676"
386,         Indian Health Services ,299,329,363,398,401,407,396,403,408,440
387,         Workers' Compensation, -   , -   , -   , -   , -   , -   , -   , -   , -   , -   
388,         General Assistance,248,444,624,507,632,544,577,813,787,659
389,         Maternal/Child Health,"1,915","2,106","2,029","2,017","1,870","1,724","1,790","1,947","2,032","2,134"
390,                          Federal  ,210,205,209,210,205,195,189,200,199,199
391,                          State and Local,"1,705","1,901","1,820","1,807","1,665","1,528","1,601","1,747","1,834","1,935"
392,         Vocational Rehabilitation, -   , -   , -   , -   , -   , -   , -   , -   , -   , -   
393,                          Federal  , -   , -   , -   , -   , -   , -   , -   , -   , -   , -   
394,                          State and Local, -   , -   , -   , -   , -   , -   , -   , -   , -   , -   
395,         Other Federal Programs*,"3,136","3,261","3,468","3,495","3,599","3,594","3,465","3,668","3,744","3,814"
396,         SAMHSA,"1,960","2,007","2,088","2,212","2,320","2,098","2,019","2,155","2,155","2,254"
397,         Other State and Local Programs**,"8,985","9,612","10,324","10,936","11,229","11,312","11,442","11,711","11,372","11,247"
398,         School Health,"3,895","4,089","4,201","4,293","4,282","4,321","4,416","4,612","4,819","4,984"
399,"Total CMS Programs (Medicaid, CHIP and Medicare)","61,899","64,887","71,232","75,134","76,281","81,615","85,677","90,156","99,330","104,721"
400,Total Administration and Total Net Cost of Health Insurance Expenditures,"172,508","168,890","167,712","184,449","191,611","199,642","210,850","236,796","249,866","263,652"
401,     Out of pocket, -   , -   , -   , -   , -   , -   , -   , -   , -   , -   
402,     Health Insurance,"157,524","157,552","159,485","175,946","182,554","187,065","195,093","218,980","231,321","242,973"
403,          Private Health Insurance,"104,772","102,016","98,169","108,456","111,444","113,018","115,791","125,333","125,460","129,605"
404,          Medicare,"24,041","24,957","28,541","30,717","32,752","34,687","35,299","37,921","41,681","46,814"
405,          Medicaid (Title XIX),"24,637","26,376","28,230","31,474","32,853","34,267","38,951","50,375","58,312","60,327"
406,                          Federal  ,"13,633","14,789","16,726","19,099","18,938","19,382","22,244","31,024","37,313","38,944"
407,                          State and Local,"11,004","11,586","11,504","12,375","13,915","14,885","16,707","19,350","20,999","21,383"
408,          CHIP (Title XIX and Title XXI),"1,350","1,514","1,573","1,834","1,952","1,927","2,133","2,345","2,657","2,923"
409,                          Federal  ,936,"1,055","1,099","1,276","1,355","1,335","1,470","1,630","2,001","2,645"
410,                          State and Local,415,459,473,558,596,592,663,715,656,278
411,         Department of Defense,"2,595","2,624","2,890","3,429","3,521","3,135","2,867","2,969","2,976","2,903"
412,         Department of Veterans Affairs,128,66,82,36,32,31,53,36,235,402
413,     Other Third Party Payers and Programs,"14,984","11,338","8,227","8,503","9,057","12,576","15,757","17,816","18,546","20,679"
414,         Worksite Health Care, -   , -   , -   , -   , -   , -   , -   , -   , -   , -   
415,         Other Private Revenues, -   , -   , -   , -   , -   , -   , -   , -   , -   , -   
416,         Indian Health Services ,101,100,114,139,143,155,155,185,196,218
417,         Workers' Compensation,"14,419","10,773","7,630","7,629","7,837","10,719","12,590","14,837","16,149","18,766"
418,         General Assistance, -   , -   , -   , -   , -   , -   , -   , -   , -   , -   
419,         Maternal/Child Health,234,252,239,238,222,208,217,233,243,255
420,                          Federal  ,4,4,4,4,3,3,3,3,3,3
421,                          State and Local,230,249,236,234,218,205,214,229,240,251
422,         Vocational Rehabilitation,54,53,58,62,62,60,59,59,60,61
423,                          Federal  ,41,40,44,48,48,46,46,46,46,47
424,                          State and Local,13,12,13,14,13,13,13,14,14,14
425,         Other Federal Programs*,114,98,122,371,724,"1,350","2,652","2,421","1,815","1,289"
426,         SAMHSA,62,62,65,64,70,85,85,80,82,89
427,         Other State and Local Programs**, -   , -   , -   , -   , -   , -   , -   , -   , -   , -   
428,         School Health, -   , -   , -   , -   , -   , -   , -   , -   , -   , -   
429,"Total CMS Programs (Medicaid, CHIP and Medicare)","50,028","52,847","58,344","64,025","67,557","70,881","76,383","90,641","102,650","110,064"
430,State and Local  Administration Expenditures,"9,821","9,373","9,001","8,413","8,913","9,061","10,276","11,614","11,894","12,297"
431,     Out of pocket,,,,,,,,,,
432,     Health Insurance,"7,737","8,140","8,384","8,290","8,634","8,527","8,948","9,530","9,733","9,815"
433,          Private Health Insurance,,,,,,,,,,
434,          Medicare,,,,,,,,,,
435,          Medicaid (Title XIX),"7,530","7,916","8,159","8,049","8,360","8,232","8,607","9,158","9,395","9,666"
436,                          Federal  ,,,,,,,,,,
437,                          State and Local,"7,530","7,916","8,159","8,049","8,360","8,232","8,607","9,158","9,395","9,666"
438,          CHIP (Title XIX and Title XXI),207,224,225,240,274,295,341,372,337,148
439,                          Federal  ,,,,,,,,,,
440,                          State and Local,207,224,225,240,274,295,341,372,337,148
441,         Department of Defense,,,,,,,,,,
442,         Department of Veterans Affairs,,,,,,,,,,
443,     Other Third Party Payers and Programs,"2,083","1,233",618,123,279,534,"1,329","2,083","2,161","2,483"
444,         Worksite Health Care,,,,,,,,,,
445,         Other Private Revenues,,,,,,,,,,
446,         Indian Health Services ,,,,,,,,,,
447,         Workers' Compensation,"1,840",972,368,-125,47,315,"1,102","1,840","1,907","2,218"
448,         General Assistance,,,,,,,,,,
449,         Maternal/Child Health,230,249,236,234,218,205,214,229,240,251
450,                          Federal  ,,,,,,,,,,
451,                          State and Local,230,249,236,234,218,205,214,229,240,251
452,         Vocational Rehabilitation,13,12,13,14,13,13,13,14,14,14
453,                          Federal  ,,,,,,,,,,
454,                          State and Local,13,12,13,14,13,13,13,14,14,14
455,         Other Federal Programs*,,,,,,,,,,
456,         SAMHSA,,,,,,,,,,
457,         Other State and Local Programs**, -   , -   , -   , -   , -   , -   , -   , -   , -   , -   
458,         School Health,,,,,,,,,,
459,"Total CMS Programs (Medicaid, CHIP and Medicare)","7,737","8,140","8,384","8,289","8,634","8,527","8,948","9,530","9,732","9,814"
460,Federal Administration Expenditures,"19,251","19,785","20,542","21,602","23,546","24,699","26,587","29,368","30,248","31,537"
461,     Out of pocket,,,,,,,,,,
462,     Health Insurance,"18,880","19,430","20,134","20,898","22,476","23,000","23,615","26,544","27,992","29,767"
463,          Private Health Insurance,,,,,,,,,,
464,          Medicare,"6,680","6,873","6,974","7,310","8,229","8,856","8,580","9,537","9,905","10,494"
465,          Medicaid (Title XIX),"9,004","9,346","9,655","9,552","10,062","10,303","11,357","13,155","13,841","14,583"
466,                          Federal  ,"9,004","9,346","9,655","9,552","10,062","10,303","11,357","13,155","13,841","14,583"
467,                          State and Local,,,,,,,,,,
468,          CHIP (Title XIX and Title XXI),473,523,534,570,633,675,758,847,"1,035","1,386"
469,                          Federal  ,473,523,534,570,633,675,758,847,"1,035","1,386"
470,                          State and Local,,,,,,,,,,
471,         Department of Defense,"2,595","2,624","2,890","3,429","3,521","3,135","2,867","2,969","2,976","2,903"
472,         Department of Veterans Affairs,128,66,82,36,32,31,53,36,235,402
473,     Other Third Party Payers and Programs,371,354,408,704,"1,070","1,699","2,972","2,824","2,256","1,770"
474,         Worksite Health Care,,,,,,,,,,
475,         Other Private Revenues,,,,,,,,,,
476,         Indian Health Services ,101,100,114,139,143,155,155,185,196,218
477,         Workers' Compensation,49,51,59,80,91,100,102,103,113,122
478,         General Assistance,,,,,,,,,,
479,         Maternal/Child Health,4,4,4,4,3,3,3,3,3,3
480,                          Federal  ,4,4,4,4,3,3,3,3,3,3
481,                          State and Local,,,,,,,,,,
482,         Vocational Rehabilitation,41,40,44,48,48,46,46,46,46,47
483,                          Federal  ,41,40,44,48,48,46,46,46,46,47
484,                          State and Local,,,,,,,,,,
485,         Other Federal Programs*,114,98,122,369,714,"1,310","2,581","2,407","1,815","1,289"
486,         SAMHSA,62,62,65,64,70,85,85,80,82,89
487,         Other State and Local Programs**,,,,,,,,,,
488,         School Health,,,,,,,,,,
489,"Total CMS Programs (Medicaid, CHIP and Medicare)","16,157","16,742","17,163","17,432","18,924","19,834","20,695","23,539","24,781","26,463"
490,Net Cost of Health Insurance Expenditures,"143,436","139,733","138,169","154,435","159,152","165,882","173,987","195,814","207,725","219,817"
491,     Out of pocket,,,,,,,,,,
492,     Health Insurance,"130,906","129,982","130,967","146,759","151,444","155,538","162,531","182,905","193,596","203,391"
493,          Private Health Insurance,"104,772","102,016","98,169","108,456","111,444","113,018","115,791","125,333","125,460","129,605"
494,          Medicare,"17,361","18,085","21,567","23,407","24,524","25,831","26,719","28,385","31,775","36,321"
495,          Medicaid (Title XIX),"8,103","9,114","10,416","13,873","14,431","15,732","18,987","28,061","35,076","36,077"
496,                          Federal  ,"4,629","5,444","7,071","9,547","8,877","9,079","10,887","17,869","23,472","24,360"
497,                          State and Local,"3,474","3,670","3,346","4,326","5,555","6,652","8,101","10,192","11,604","11,716"
498,          CHIP (Title XIX and Title XXI),670,768,814,"1,023","1,045",958,"1,034","1,126","1,284","1,389"
499,                          Federal  ,463,533,566,705,722,660,712,783,966,"1,259"
500,                          State and Local,207,235,249,318,322,298,322,343,319,130
501,         Department of Defense,,,,,,,,,,
502,         Department of Veterans Affairs,,,,,,,,,,
503,     Other Third Party Payers and Programs,"12,530","9,751","7,202","7,676","7,708","10,344","11,456","12,909","14,129","16,427"
504,         Worksite Health Care,,,,,,,,,,
505,         Other Private Revenues,,,,,,,,,,
506,         Indian Health Services ,,,,,,,,,,
507,         Workers' Compensation,"12,530","9,751","7,202","7,674","7,698","10,304","11,386","12,894","14,129","16,427"
508,         General Assistance,,,,,,,,,,
509,         Maternal/Child Health,,,,,,,,,,
510,                          Federal  ,,,,,,,,,,
511,                          State and Local,,,,,,,,,,
512,         Vocational Rehabilitation,,,,,,,,,,
513,                          Federal  ,,,,,,,,,,
514,                          State and Local,,,,,,,,,,
515,         Other Federal Programs*, -   , -   , -   ,2,9,40,70,15, -   , -   
516,         SAMHSA,,,,,,,,,,
517,         Other State and Local Programs**,,,,,,,,,,
518,         School Health,,,,,,,,,,
519,"Total CMS Programs (Medicaid, CHIP and Medicare)","26,134","27,967","32,797","38,303","40,000","42,521","46,740","57,572","68,135","73,787"
520,Public Health Activity,"65,969","71,564","74,167","75,612","74,294","77,443","78,301","79,439","81,709","82,187"
521,  Federal Funds,"9,696","9,880","11,995","14,185","10,729","10,846","10,333","10,838","11,263","12,134"
522,  State/Local Funds,"56,273","61,684","62,172","61,428","63,565","66,597","67,968","68,601","70,446","70,053"
523,Research,"42,576","44,278","45,372","49,212","49,658","48,448","46,639","45,888","46,451","47,670"
524,     Private ,"3,896","4,198","4,213","4,463","4,669","4,795","4,761","5,041","5,301","5,466"
525,     Federal Gov't,"33,407","34,323","35,233","38,837","39,022","37,774","35,795","34,512","34,761","35,557"
526,     State and Local Gov't,"5,274","5,758","5,925","5,912","5,967","5,878","6,083","6,335","6,389","6,648"
527,Total Structures and Equipment,"95,818","103,728","93,592","93,527","99,813","104,782","106,505","103,823","107,247","109,748"
528,     Private ,"76,514","82,353","71,798","71,508","76,276","81,099","83,593","80,257","84,125","86,545"
529,     Federal Gov't,"5,144","6,056","6,973","7,491","8,447","8,237","7,735","7,632","7,600","7,962"
530,     State and Local Gov't,"14,161","15,319","14,821","14,528","15,091","15,446","15,176","15,935","15,522","15,241"
531,     Structures,"46,542","51,675","46,879","46,104","47,349","49,533","50,072","50,334","49,969","50,475"
532,         Private ,"39,802","44,584","39,013","38,130","38,574","40,596","41,597","41,788","42,365","43,475"
533,         Federal Gov't,"1,014",944,"1,763","2,127","2,589","2,620","2,533","2,348","2,240","2,233"
534,         State and Local Gov't,"5,726","6,147","6,103","5,847","6,186","6,317","5,942","6,198","5,364","4,767"
535,     Equipment,"49,277","52,053","46,713","47,423","52,465","55,249","56,432","53,490","57,278","59,273"
536,          Private ,"36,712","37,769","32,785","33,378","37,702","40,503","41,996","38,469","41,760","43,070"
537,          Federal Gov't,"4,130","5,112","5,210","5,364","5,858","5,617","5,202","5,284","5,360","5,729"
538,          State and Local Gov't,"8,435","9,172","8,718","8,681","8,905","9,129","9,234","9,737","10,158","10,474"
539,"* Other Federal Programs include OEO, Federal General and Medical, Federal General and Medical NEC, and High Risk Pools under ACA",,,,,,,,,,
540,** Other State and Local Programs include State and Local Subsidies and TDI,,,,,,,,,,
541,"SOURCE:  Centers for Medicare & Medicaid Services, Office of the Actuary, National Health Statistics Group.",,,,,,,,,,
